Domain,Experience_Years,Projects_Completed,Avg_Rating,Retention_Rate,Premium_Certified,Portfolio_Pieces_Count,Learning_Hours_Per_Week,Is_New,Hourly_Rate_USD
Digital Marketing,3.1,127,4.41,60.03,0,0,2,0,84.08
Graphic Design,3.15,107,3.62,57.58,0,0,0,0,70.9
Data Analysis,0.45,4,0,0,0,5,13,1,18.51
Data Analysis,9.74,94,3.82,53.71,1,0,0,0,112.19
Graphic Design,0.4,1,0,0,0,2,8,1,17.78
Data Analysis,6.69,131,3.69,61.68,1,0,5,0,116.23
Digital Marketing,2.87,194,4.23,57.79,1,0,0,0,107.62
Data Analysis,1.24,6,4.65,88.68,1,0,2,0,48.89
Graphic Design,0.42,3,0,0,0,3,16,1,22.8
Web Development,2.56,158,4.19,85.16,0,0,2,0,96.31
Graphic Design,4.84,52,4.87,57.17,1,0,0,0,70.35
Web Development,6.45,195,4.07,56.15,1,0,0,0,141.49
Web Development,4.55,143,4.69,59.26,1,0,5,0,102.3
Web Development,4.61,177,4.58,84.37,1,0,5,0,119.3
Digital Marketing,0.24,5,0,0,0,2,9,1,22.16
Data Analysis,4.42,142,4.73,65.04,1,0,0,0,106.17
Digital Marketing,0.24,0,0,0,0,1,12,1,21.79
Graphic Design,1.74,12,4.74,59.66,1,0,2,0,55.19
Content Writing,9.97,119,3.11,95.86,0,0,0,0,115.86
Graphic Design,0.13,4,0,0,0,2,12,1,13.09
Digital Marketing,2.62,95,3.29,93.2,1,0,0,0,82.93
Digital Marketing,0.83,25,3.28,81.26,0,0,5,0,50.1
Graphic Design,1.51,117,4.09,82.31,0,0,0,0,80.09
Digital Marketing,0.19,2,0,0,0,2,18,1,25.89
Data Analysis,0.39,5,0,0,0,3,4,1,20.8
Content Writing,5.11,79,3.36,99.54,1,0,2,0,89.9
Web Development,9.94,34,3.08,55.14,0,0,2,0,87.38
Content Writing,9.67,19,4.38,53.46,1,0,0,0,93.65
Web Development,8.36,168,3.7,74.16,1,0,0,0,139.69
Data Analysis,7.68,198,4.22,56.15,1,0,5,0,127.22
Digital Marketing,2.1,122,4.92,74.88,0,0,0,0,83.79
Web Development,7.97,155,3.87,82.25,1,0,5,0,129.7
Content Writing,2.58,150,3.46,60.59,1,0,5,0,92.06
Content Writing,4.08,56,4.05,92,1,0,2,0,98.67
Web Development,2.56,78,4.81,66.68,1,0,0,0,87.89
Web Development,6.68,44,4.2,92.33,0,0,0,0,74.46
Content Writing,0.12,3,0,0,0,2,6,1,19.05
Digital Marketing,5.9,26,3.74,90.71,0,0,2,0,72.08
Digital Marketing,8.76,105,4.78,58.13,1,0,0,0,118.03
Digital Marketing,0.12,5,0,0,1,2,9,1,36.07
Content Writing,4.2,26,4.54,83.65,1,0,2,0,67.14
Digital Marketing,9.22,25,3.77,88.96,0,0,5,0,96.87
Digital Marketing,7.59,128,3.75,98.61,0,0,2,0,109.77
Data Analysis,4.49,83,4.99,89.52,1,0,2,0,96.87
Web Development,0.16,0,0,0,0,1,3,1,13.37
Data Analysis,0.12,2,0,0,0,2,15,1,24.21
Web Development,2.6,117,3.38,81.83,0,0,5,0,84.85
Digital Marketing,0.12,3,0,0,0,4,17,1,28.41
Web Development,7.74,44,4.2,66.14,1,0,0,0,82.25
Web Development,5.25,142,3.7,90.5,1,0,0,0,115.71
Content Writing,7.97,136,4.37,56.77,1,0,2,0,124.61
Content Writing,9.06,172,4.81,91.28,1,0,2,0,153.65
Content Writing,5.16,177,3.66,91.6,1,0,0,0,121.35
Data Analysis,0.23,3,0,0,0,3,15,1,21.78
Content Writing,0.3,4,0,0,0,0,6,1,10.41
Content Writing,0.3,4,0,0,0,1,20,1,22.09
Data Analysis,3.85,193,4.14,52.98,1,0,0,0,112.81
Graphic Design,0.89,114,3.99,65.11,1,0,5,0,87.92
Graphic Design,0.46,1,0,0,0,4,17,1,25.04
Digital Marketing,9.35,114,3.27,88.18,0,0,2,0,114.63
Web Development,6.93,74,4.29,86.1,0,0,2,0,91.73
Content Writing,3.84,21,3.03,97.23,1,0,0,0,60.15
Data Analysis,0.21,3,0,0,0,6,9,1,24.61
Web Development,3.4,141,4.58,91.25,1,0,2,0,110.36
Data Analysis,8.11,93,4.65,99.66,1,0,5,0,121.18
Web Development,2.07,95,4.68,52.55,1,0,0,0,75.17
Content Writing,4.7,196,3.96,94.84,1,0,0,0,141.47
Digital Marketing,0.96,80,3.38,78.58,1,0,0,0,68.45
Digital Marketing,7.55,45,4.84,99.45,1,0,2,0,106.03
Data Analysis,2.14,93,3.78,67.97,1,0,0,0,84.82
Data Analysis,0.29,4,0,0,0,1,20,1,22.09
Content Writing,2.17,74,4.22,89.11,0,0,0,0,67.62
Data Analysis,4.77,133,4.05,87.62,1,0,2,0,110.95
Web Development,2.8,54,3.73,91.97,0,0,5,0,73.11
Digital Marketing,0.37,1,0,0,0,3,20,1,23
Digital Marketing,5.6,19,3.77,91.39,0,0,0,0,63.34
Digital Marketing,0.24,2,0,0,1,2,11,1,40.67
Content Writing,0.25,1,0,0,1,2,13,1,28.45
Content Writing,1.04,85,3.72,58.63,0,0,0,0,63.49
Web Development,6.29,182,3.53,68.55,1,0,2,0,130.25
Content Writing,5.37,82,3.47,90.83,0,0,2,0,87.39
Data Analysis,6.74,27,3.91,89.43,0,0,0,0,83.09
Digital Marketing,9.45,55,5,59.21,1,0,0,0,106.17
Digital Marketing,0.22,1,0,0,0,0,17,1,20.13
Digital Marketing,1.68,65,4.23,96.23,1,0,2,0,79.49
Web Development,6.39,133,3.26,50.94,0,0,0,0,101.69
Content Writing,7.99,51,3.27,59.66,0,0,2,0,81.68
Web Development,5.72,115,3.33,60.14,0,0,2,0,93.26
Graphic Design,0.16,4,0,0,1,5,15,1,40.23
Web Development,2.84,138,4.21,61.44,0,0,0,0,88.12
Digital Marketing,6.19,175,4.08,53.95,1,0,0,0,124.57
Graphic Design,5.2,165,4.63,78.17,1,0,0,0,122.11
Data Analysis,9.51,160,3.88,74.5,0,0,0,0,123.34
Web Development,3.39,28,3.51,91.82,1,0,0,0,69.05
Digital Marketing,5.41,159,4.01,92.67,1,0,0,0,118.99
Digital Marketing,8.4,146,3.23,84.56,1,0,0,0,122.9
Content Writing,9.95,14,3.6,55.72,1,0,5,0,104.63
Digital Marketing,1.39,101,3.65,60.94,1,0,5,0,73.48
Graphic Design,3.48,181,4.67,76.59,1,0,0,0,113.94
Web Development,5.59,70,4.98,96.93,1,0,0,0,93.26
Data Analysis,8.68,32,4.4,83.45,1,0,0,0,91.13
Data Analysis,4,32,4.44,82.3,0,0,2,0,64.56
Content Writing,8.41,45,3.76,60.1,0,0,0,0,87.1
Digital Marketing,1.03,42,3.21,74.59,1,0,5,0,54.17
Digital Marketing,0.43,2,0,0,0,3,10,1,16.21
Web Development,6.95,189,4.06,63.04,1,0,2,0,137.06
Graphic Design,8.92,115,3.14,77.68,0,0,5,0,112.81
Digital Marketing,0.86,42,4.17,54.87,0,0,0,0,46.67
Web Development,9.02,61,4.06,58.03,1,0,2,0,103.63
Web Development,0.28,1,0,0,0,2,10,1,21.2
Digital Marketing,9.84,160,3.01,98.72,1,0,0,0,136.68
Web Development,1.12,92,4.51,86.1,1,0,0,0,86.47
Data Analysis,9.14,53,4.19,66.26,1,0,0,0,104.22
Web Development,5.4,165,3.15,84.26,1,0,2,0,123.13
Data Analysis,0.64,83,4.96,67.59,1,0,0,0,71.09
Graphic Design,8.09,131,3.08,83.69,1,0,5,0,124.55
Data Analysis,9.07,158,3.28,86.63,1,0,0,0,136.07
Digital Marketing,0.12,4,0,0,0,2,7,1,7.01
Graphic Design,7.07,21,3.33,90.75,1,0,2,0,89.14
Digital Marketing,3.05,136,3.74,58.2,0,0,0,0,87.04
Data Analysis,0.14,5,0,0,0,5,16,1,19.16
Data Analysis,2.1,190,3.88,97.09,0,0,0,0,100.16
Web Development,5.51,52,4.97,64.67,0,0,5,0,75.47
Data Analysis,8.15,164,3.03,73.24,1,0,2,0,133.72
Graphic Design,1.3,193,4.28,84.18,1,0,5,0,112.63
Content Writing,8.16,156,4.21,61.37,1,0,0,0,130.24
Content Writing,4.16,46,4.56,50.83,1,0,0,0,58.9
Data Analysis,3.31,51,3.25,80.91,0,0,2,0,66.26
Content Writing,6.15,180,4.31,94.21,1,0,0,0,127.98
Digital Marketing,8.42,83,3.19,95.63,1,0,5,0,122.18
Digital Marketing,2.43,32,4.43,53.43,1,0,0,0,63.65
Digital Marketing,6.59,80,3.61,88.77,0,0,0,0,94.49
Content Writing,3.59,67,3.52,79.22,0,0,2,0,80.7
Web Development,6.79,133,3.4,73.69,1,0,2,0,119.98
Content Writing,0.92,71,3.63,61.46,0,0,5,0,63.72
Web Development,4.15,155,3.22,92.79,1,0,0,0,116.46
Digital Marketing,4.66,45,3.14,81.38,1,0,0,0,78.88
Data Analysis,0.28,3,0,0,0,4,10,1,14.73
Data Analysis,9.78,44,4.76,71.63,1,0,0,0,97.09
Web Development,2.47,64,3.76,94.11,1,0,5,0,78.24
Web Development,3.62,91,3.28,75.34,1,0,5,0,85.87
Data Analysis,0.37,1,0,0,0,1,9,1,15
Data Analysis,0.26,1,0,0,0,3,20,1,25.72
Data Analysis,4.04,119,4.73,75.88,0,0,0,0,96.35
Digital Marketing,0.22,2,0,0,0,4,7,1,26.25
Web Development,6.13,175,3.34,76.04,1,0,2,0,115.61
Digital Marketing,1.49,107,3.37,92.5,1,0,2,0,86.24
Digital Marketing,9.38,52,3.79,97.65,0,0,5,0,102.3
Digital Marketing,3,46,3.54,61.6,1,0,0,0,68.52
Web Development,6.05,151,3.73,60.05,0,0,0,0,107.85
Content Writing,7.72,17,3.48,68.41,1,0,0,0,88.56
Graphic Design,6.86,90,4.31,57.5,0,0,0,0,89.09
Digital Marketing,0.23,1,0,0,0,5,10,1,38.26
Digital Marketing,0.43,5,0,0,0,3,14,1,26.56
Content Writing,3.29,137,3.59,63.04,1,0,2,0,88.72
Web Development,0.27,5,0,0,0,3,18,1,24.4
Content Writing,0.37,4,0,0,0,4,11,1,20.03
Web Development,3.34,161,4.44,61.17,1,0,2,0,106.71
Digital Marketing,8.37,184,3.69,77.47,0,0,0,0,129.34
Graphic Design,6.86,75,4.53,65.99,1,0,2,0,100.57
Web Development,3.87,153,4.34,77.08,1,0,0,0,106.28
Digital Marketing,0.58,9,3.81,76.87,1,0,0,0,47.36
Web Development,6.71,82,3.4,85.05,0,0,0,0,94.28
Digital Marketing,3.18,187,4.23,57.23,0,0,0,0,91.97
Graphic Design,9.32,79,3.21,73.73,0,0,5,0,103.1
Content Writing,1.57,149,4.54,88.53,0,0,5,0,95.75
Web Development,3.11,105,3.24,95.23,1,0,5,0,92.85
Digital Marketing,0.45,4,0,0,1,4,17,1,40.23
Digital Marketing,0.55,126,3.7,82.95,0,0,5,0,76.49
Data Analysis,7.67,118,3.92,88.44,0,0,0,0,117
Digital Marketing,6.34,18,3.79,54.56,1,0,2,0,68.67
Graphic Design,1.14,115,4.8,54.64,1,0,0,0,86.19
Digital Marketing,5.7,147,4.77,85.06,1,0,0,0,115.17
Data Analysis,9.44,124,4.91,59.24,1,0,0,0,131.84
Digital Marketing,0.61,178,3.3,86.62,0,0,0,0,97.09
Graphic Design,4.85,73,4.86,50.61,1,0,0,0,93.15
Data Analysis,8.11,135,3.63,76.14,1,0,0,0,138.12
Content Writing,7.37,69,3.57,81.74,1,0,2,0,107.3
Digital Marketing,4.35,80,3.16,90.01,0,0,2,0,83.18
Content Writing,7.71,33,3.68,83.5,1,0,2,0,92.24
Graphic Design,3.56,175,4.05,71.98,1,0,0,0,122.89
Web Development,0.24,1,0,0,1,2,6,1,35.82
Graphic Design,6.43,81,3.53,78.18,1,0,2,0,101.72
Content Writing,5.29,100,3.63,67.52,1,0,0,0,86.88
Data Analysis,0.45,0,0,0,0,1,7,1,21.22
Data Analysis,9.15,200,3.29,94.04,0,0,2,0,151.39
Graphic Design,3.89,196,4.72,76.37,1,0,5,0,126.69
Graphic Design,1.08,68,4.99,64.69,1,0,0,0,75.31
Data Analysis,0.45,2,0,0,1,3,3,1,29.06
Data Analysis,7.06,35,3.88,96.75,0,0,0,0,77.52
Graphic Design,3.42,42,3.28,68.92,1,0,0,0,72.71
Content Writing,6.9,7,3.06,64.24,0,0,5,0,67.95
Web Development,0.37,0,0,0,0,3,18,1,22.03
Graphic Design,3.3,6,4.35,85.02,1,0,0,0,59.35
Graphic Design,5.5,199,4.33,78.85,1,0,0,0,138.91
Web Development,0.19,3,0,0,0,8,15,1,27.74
Digital Marketing,7.64,140,3.07,66.74,1,0,5,0,113.03
Web Development,8.38,143,3.08,97.87,1,0,0,0,127.12
Data Analysis,3.06,146,4.52,52.01,0,0,0,0,84.64
Graphic Design,6.14,97,4.34,80.55,0,0,0,0,99
Content Writing,5.41,140,4.34,75.9,1,0,0,0,118.13
Digital Marketing,3.92,143,4.47,66.01,1,0,5,0,105.62
Graphic Design,1.19,72,3.24,80.33,1,0,0,0,74.56
Digital Marketing,4.95,51,3.62,57.28,0,0,5,0,67.15
Web Development,3.44,136,4.89,61.63,0,0,0,0,90.99
Web Development,0.32,4,0,0,0,5,19,1,32.24
Digital Marketing,0.24,0,0,0,1,1,13,1,31.05
Web Development,0.28,2,0,0,0,2,14,1,24.32
Digital Marketing,2.41,62,3.16,73.51,0,0,2,0,64.28
Content Writing,8.1,161,4.84,89.68,1,0,0,0,135.78
Graphic Design,8.87,100,4.44,62.71,1,0,2,0,122.15
Web Development,3.83,39,3.64,69.71,0,0,0,0,56.53
Content Writing,5.71,189,3.87,72.04,1,0,2,0,137.87
Content Writing,0.11,4,0,0,1,3,5,1,19.42
Web Development,8.06,42,3.01,93.7,0,0,2,0,87.12
Digital Marketing,3.05,99,3.97,64.39,0,0,0,0,77.35
Digital Marketing,0.36,5,0,0,1,1,5,1,31.3
Web Development,9.41,100,4.33,64.24,0,0,0,0,114.62
Web Development,2.83,29,3.28,76.36,0,0,2,0,66.02
Web Development,0.16,3,0,0,1,5,5,1,34.28
Digital Marketing,4.23,136,3.39,71.85,1,0,2,0,110.71
Web Development,5.46,8,4.25,78.97,0,0,0,0,58.38
Content Writing,2.81,199,3.63,59.62,0,0,0,0,116.73
Data Analysis,0.42,0,0,0,0,2,19,1,14
Content Writing,6.33,192,3.61,66.85,0,0,2,0,123.28
Digital Marketing,4.07,28,3.51,53.36,1,0,2,0,63.1
Digital Marketing,0.29,5,0,0,0,3,18,1,25.7
Data Analysis,1.23,41,4.65,55.27,0,0,5,0,65.94
Digital Marketing,2.01,75,4.25,81.8,0,0,0,0,71.1
Graphic Design,3.51,108,4.25,91.29,0,0,2,0,92.53
Data Analysis,6.03,66,4.77,78.63,1,0,0,0,92.13
Content Writing,3.06,51,4.04,52.71,1,0,0,0,65.28
Content Writing,3.77,41,3.07,96.06,0,0,2,0,70.04
Data Analysis,0.93,7,4.98,62.33,1,0,2,0,54.17
Graphic Design,0.27,3,0,0,0,3,5,1,12.25
Web Development,0.13,3,0,0,0,5,17,1,27.09
Data Analysis,2.75,42,3.77,70.72,0,0,0,0,61.46
Data Analysis,6.22,11,3.97,85.25,0,0,2,0,65.02
Data Analysis,0.29,0,0,0,0,3,15,1,21.92
Graphic Design,0.38,1,0,0,0,0,13,1,20.3
Content Writing,0.18,2,0,0,0,3,15,1,25.41
Content Writing,6.95,76,4.69,53.78,0,0,0,0,91.34
Web Development,7.42,165,3.84,72.1,1,0,2,0,134.25
Data Analysis,0.24,2,0,0,0,2,12,1,15.3
Data Analysis,7.17,134,4.07,62.42,0,0,0,0,100.73
Graphic Design,9.57,79,4.22,63.13,0,0,0,0,104.05
Web Development,1.47,99,3.45,91.27,0,0,2,0,66.28
Graphic Design,8.72,193,4.25,64.59,1,0,0,0,151.07
Digital Marketing,9.89,127,4.63,76.74,0,0,2,0,131.37
Data Analysis,8.11,77,4.31,86.73,1,0,0,0,112.12
Graphic Design,9,169,4.07,55.97,0,0,2,0,123.79
Web Development,8.48,46,3.9,85.32,1,0,0,0,94.26
Data Analysis,0.25,2,0,0,0,3,3,1,14.3
Content Writing,0.2,0,0,0,0,3,6,1,12.8
Graphic Design,6.49,171,3.22,64.68,1,0,0,0,119
Graphic Design,8.72,119,4.06,82.68,1,0,5,0,132.4
Web Development,6.2,17,3.13,52.2,0,0,2,0,55.17
Data Analysis,0.66,62,3.82,65.21,1,0,5,0,70.5
Graphic Design,7.82,175,3.52,98.44,1,0,2,0,138.45
Digital Marketing,0.27,5,0,0,0,4,10,1,28.12
Content Writing,1.39,71,3.65,96.03,0,0,2,0,60.86
Digital Marketing,7.97,155,4.71,72.32,0,0,2,0,118.11
Graphic Design,5.83,114,3.94,69.44,0,0,0,0,95.06
Graphic Design,4.1,27,4.82,71.23,1,0,0,0,71.97
Content Writing,5.77,97,4.46,53.75,1,0,0,0,89.65
Data Analysis,0.8,127,4.92,67.63,0,0,0,0,74.25
Digital Marketing,1.84,180,3.34,51.55,0,0,2,0,91.78
Data Analysis,8.91,79,3.6,55.48,1,0,0,0,105.83
Data Analysis,9.76,13,4.29,71.51,0,0,0,0,86.95
Content Writing,0.3,0,0,0,0,5,16,1,33.24
Graphic Design,0.26,5,0,0,0,9,9,1,31.98
Content Writing,0.62,184,3.95,70.72,0,0,5,0,89.91
Graphic Design,0.22,2,0,0,1,4,20,1,32.81
Web Development,0.99,65,3.27,67.95,1,0,2,0,64.62
Web Development,8.46,11,3.83,52.13,0,0,0,0,74.41
Digital Marketing,5.65,157,3.65,71.41,0,0,5,0,110.75
Graphic Design,5.41,66,4.6,77.78,1,0,2,0,88.46
Web Development,4,196,4.15,70.62,1,0,0,0,131.14
Data Analysis,1.26,55,4.84,72.83,1,0,2,0,62.92
Graphic Design,8.74,43,3.79,86.4,1,0,5,0,104.56
Content Writing,8.26,18,4.8,98.99,0,0,5,0,90.89
Graphic Design,0.25,2,0,0,0,3,5,1,18.6
Data Analysis,2.84,152,3.42,73.33,1,0,0,0,100.34
Content Writing,0.23,2,0,0,0,4,12,1,19.65
Graphic Design,9.56,197,3.3,53.29,1,0,0,0,147.48
Digital Marketing,5.59,38,4.37,92.54,1,0,0,0,80.86
Content Writing,1.71,123,3.2,64.54,1,0,0,0,85.45
Digital Marketing,8.9,166,4.4,56.4,1,0,0,0,137.97
Content Writing,0.45,3,0,0,0,1,3,1,10.58
Digital Marketing,8.53,46,4.67,98.87,0,0,0,0,101.16
Graphic Design,0.45,2,0,0,0,2,18,1,41.29
Content Writing,4.48,39,3.92,85.08,0,0,5,0,79.66
Graphic Design,4.48,87,4.39,62.67,1,0,0,0,88.62
Web Development,1.94,98,3.24,61.56,1,0,0,0,75.28
Digital Marketing,2.35,119,3.55,51.54,1,0,0,0,79.93
Web Development,9.7,74,4.77,92.33,1,0,2,0,120.41
Graphic Design,4.91,187,3.47,75.73,1,0,0,0,121.76
Web Development,5.1,173,3.73,58.13,0,0,5,0,111.55
Data Analysis,5.49,117,4.51,72.05,1,0,2,0,100.87
Digital Marketing,8.29,44,4.09,80.6,1,0,5,0,94.96
Digital Marketing,5.23,152,3.59,96.59,0,0,2,0,106.48
Content Writing,0.21,1,0,0,0,1,10,1,4.42
Content Writing,1.78,143,4.05,62.64,1,0,2,0,93.2
Graphic Design,0.29,0,0,0,0,5,6,1,22.95
Data Analysis,0.55,7,4.52,92.44,1,0,5,0,50.28
Data Analysis,3.32,141,4.48,70.04,0,0,0,0,93.96
Data Analysis,0.22,5,0,0,0,2,3,1,16.74
Data Analysis,6.93,200,3.46,84.85,1,0,2,0,153.57
Data Analysis,8.98,141,3.92,75.31,1,0,5,0,135.46
Graphic Design,4.98,149,3.6,62.71,0,0,5,0,104.84
Data Analysis,0.24,0,0,0,0,4,9,1,15.6
Digital Marketing,2.65,17,4.62,85.44,0,0,0,0,52.78
Graphic Design,0.22,3,0,0,0,3,18,1,26.4
Content Writing,3.42,58,3.35,59.04,1,0,0,0,66.12
Content Writing,6.97,174,3.15,86.85,1,0,0,0,133.46
Data Analysis,6.98,109,4.37,52.89,0,0,2,0,94.99
Graphic Design,1.58,45,4.26,93.48,0,0,2,0,55.22
Web Development,2.24,101,3.66,91.55,0,0,2,0,77.76
Graphic Design,0.61,6,4.92,88.76,1,0,0,0,53.01
Content Writing,0.9,108,3.29,80.61,0,0,5,0,74.1
Content Writing,7.41,108,3.39,86.85,0,0,0,0,95.24
Content Writing,6.21,17,3.31,78.71,0,0,2,0,68.96
Content Writing,6.04,41,3.1,54.26,1,0,0,0,75
Digital Marketing,6.27,192,3.99,71.03,1,0,0,0,129.96
Digital Marketing,0.32,4,0,0,1,2,10,1,27.74
Graphic Design,4.79,158,4.67,51.74,1,0,2,0,111.53
Digital Marketing,3.4,94,3.87,63.24,1,0,2,0,88.72
Graphic Design,8.04,49,4.77,73.5,1,0,0,0,102.47
Content Writing,6.15,11,3.65,91.96,0,0,0,0,71.97
Graphic Design,0.48,1,0,0,1,3,16,1,40.85
Data Analysis,1.49,80,4.54,55.79,0,0,0,0,69.36
Content Writing,3.05,92,3.66,74.68,1,0,0,0,81.03
Graphic Design,5.92,177,3.96,58.8,1,0,0,0,121.33
Web Development,0.3,2,0,0,0,3,5,1,10.48
Graphic Design,0.37,4,0,0,0,2,5,1,10.35
Web Development,0.96,35,4.39,53.8,1,0,5,0,60.14
Web Development,8.82,93,4.52,98.35,1,0,2,0,118.53
Digital Marketing,3.23,135,3.33,75.7,0,0,0,0,92.91
Content Writing,9.22,181,3.19,81.29,1,0,2,0,139.92
Data Analysis,7.27,154,4.16,74.46,1,0,2,0,135.31
Digital Marketing,0.69,193,3.83,62.52,0,0,0,0,89.11
Digital Marketing,8.6,190,4.54,50.94,1,0,5,0,146.91
Data Analysis,2.45,35,3.74,51.46,1,0,0,0,59.23
Digital Marketing,6.46,8,4.51,81.31,1,0,2,0,76.15
Content Writing,0.63,109,3.38,67.85,0,0,0,0,61.55
Content Writing,0.15,0,0,0,1,0,3,1,19.16
Graphic Design,2.83,124,3.65,81.11,0,0,0,0,80.08
Content Writing,0.62,90,4.75,64.03,1,0,0,0,77.07
Web Development,1.57,196,4.5,57.47,1,0,0,0,96.61
Web Development,3.58,183,3.05,76.72,0,0,0,0,105.07
Web Development,0.25,5,0,0,0,0,11,1,13.1
Graphic Design,5.92,70,4.85,61.42,1,0,2,0,92.9
Content Writing,0.35,1,0,0,0,1,6,1,20.77
Digital Marketing,8.05,195,4.23,92.1,1,0,0,0,150.4
Content Writing,1.06,85,3.62,69.43,1,0,2,0,69.44
Data Analysis,6.24,171,4.31,74.97,0,0,0,0,116.57
Digital Marketing,9.74,74,4.37,96.47,1,0,2,0,116.03
Data Analysis,4.07,102,3.87,66.45,0,0,5,0,85.73
Content Writing,9.21,173,3.88,98.58,1,0,2,0,148.17
Digital Marketing,3.05,84,3.01,69.53,0,0,2,0,76.8
Web Development,4.65,155,3.41,94.95,1,0,0,0,117.94
Content Writing,0.36,0,0,0,0,2,14,1,28.88
Web Development,0.87,33,4.96,80.56,1,0,0,0,51.28
Digital Marketing,9.05,171,3.67,75.28,0,0,2,0,128.91
Data Analysis,4.79,109,3.55,80.4,0,0,0,0,86.86
Content Writing,9.07,116,4.81,84.33,1,0,0,0,120.68
Graphic Design,1.6,174,4.37,59.33,0,0,5,0,95.05
Graphic Design,1.05,20,4.95,85.43,0,0,0,0,46.78
Content Writing,0.45,1,0,0,1,3,3,1,32.8
Web Development,9.82,137,3.33,51.86,1,0,2,0,132.7
Graphic Design,6.04,120,4.65,65.25,1,0,0,0,112.24
Graphic Design,5.74,34,3.4,59.61,0,0,2,0,62.66
Web Development,7.95,126,3.06,72.14,1,0,0,0,121.25
Graphic Design,2.62,149,3.08,77.31,0,0,0,0,82.64
Digital Marketing,9.39,114,3.17,51.05,1,0,2,0,125.64
Digital Marketing,0.87,128,4.68,96.26,0,0,0,0,84.18
Web Development,3.82,81,3.28,90.64,1,0,0,0,90.66
Digital Marketing,7.73,66,4.14,83.62,1,0,5,0,116.59
Data Analysis,0.35,5,0,0,0,5,8,1,19.18
Digital Marketing,0.16,2,0,0,0,1,12,1,17.54
Graphic Design,1.43,155,4.92,51.79,0,0,0,0,85.28
Digital Marketing,2.32,171,4.8,58.68,1,0,5,0,111.88
Content Writing,6.19,78,4.63,81.11,0,0,5,0,87.84
Digital Marketing,6.2,23,3.65,81.58,0,0,5,0,73.11
Content Writing,6.12,178,4.55,65.57,0,0,2,0,121.84
Web Development,6.12,179,3.13,97.69,1,0,0,0,124.75
Graphic Design,8.53,180,4.69,59.85,1,0,2,0,143.75
Web Development,7.39,6,4.84,93.22,0,0,2,0,76.87
Graphic Design,2.08,75,4.89,67.73,1,0,0,0,71.93
Data Analysis,5.66,13,4.13,91.9,0,0,0,0,68.24
Digital Marketing,5.83,147,4.26,78.06,0,0,2,0,97.51
Web Development,6.66,190,3.37,90.38,0,0,2,0,126.32
Web Development,7.02,75,3.67,83.04,1,0,0,0,107.51
Data Analysis,8.12,51,3.28,51.89,0,0,2,0,85.42
Graphic Design,5.32,185,3.15,59.17,1,0,0,0,110.38
Web Development,5.17,69,4.71,50.22,1,0,0,0,92.52
Graphic Design,3.68,107,4.26,58.2,0,0,0,0,78.1
Graphic Design,7.87,87,3.42,59.79,1,0,0,0,102.57
Content Writing,3.82,176,3.7,61.56,1,0,5,0,117.6
Web Development,8.77,26,3.08,87.98,0,0,5,0,94.95
Graphic Design,0.24,1,0,0,0,4,12,1,19.51
Digital Marketing,9.27,143,4.3,92.19,0,0,0,0,125.44
Content Writing,3.02,12,4.8,96.57,0,0,2,0,62.9
Graphic Design,0.47,4,0,0,0,2,6,1,14.83
Digital Marketing,4.18,188,3.83,72.92,1,0,2,0,117.77
Digital Marketing,5.15,174,3.97,81.24,0,0,0,0,116.53
Data Analysis,8.15,17,4.34,75.68,0,0,0,0,86.05
Data Analysis,10,174,3.23,98.46,1,0,0,0,158.55
Digital Marketing,8.81,101,4.93,55.49,1,0,0,0,119.85
Content Writing,8.07,147,3.73,61.59,0,0,5,0,110.8
Graphic Design,7.14,37,4.67,63.78,1,0,2,0,87.43
Data Analysis,1.01,176,4.04,63.29,1,0,5,0,102.35
Data Analysis,7.57,90,4.34,84.91,1,0,2,0,112.51
Content Writing,0.34,5,0,0,0,4,13,1,25.29
Data Analysis,1.6,190,3.94,74.24,0,0,2,0,96.88
Digital Marketing,6.25,156,4.04,89.42,0,0,0,0,120.77
Data Analysis,3.56,166,4.34,99.22,0,0,2,0,108.03
Data Analysis,9.42,66,4.18,65.38,1,0,2,0,105.93
Data Analysis,2.62,128,4.62,59.44,1,0,0,0,95.8
Content Writing,0.58,90,3.83,79.36,1,0,2,0,69.91
Content Writing,3.94,150,4.2,83.55,0,0,5,0,101.89
Data Analysis,3.85,53,4.46,91.96,1,0,0,0,80.45
Content Writing,9.24,93,4.49,70.14,0,0,5,0,115.99
Digital Marketing,0.32,2,0,0,0,2,15,1,24.62
Web Development,7.23,149,3.34,67.2,1,0,0,0,121.17
Digital Marketing,0.12,4,0,0,0,5,8,1,25.07
Data Analysis,6.41,156,3.58,63.02,1,0,2,0,120.31
Data Analysis,4.81,188,4.56,68.31,1,0,5,0,128.53
Web Development,2.96,167,4.94,93.9,0,0,0,0,96.52
Digital Marketing,8.06,157,3.33,51.49,1,0,2,0,125.97
Data Analysis,5.79,97,4.21,85.25,1,0,2,0,101.64
Digital Marketing,6.07,128,4.79,83.35,0,0,5,0,102.18
Content Writing,0.37,5,0,0,0,5,8,1,24.89
Data Analysis,7.49,151,4.4,57.26,0,0,2,0,109.24
Web Development,0.36,1,0,0,0,1,13,1,16.15
Content Writing,8.52,161,4.75,95.9,1,0,0,0,125.13
Web Development,5.31,180,4.56,93.25,1,0,0,0,127.75
Graphic Design,9.21,13,3.69,71.74,0,0,5,0,77.01
Data Analysis,4.79,24,4.62,74.23,1,0,0,0,69.55
Web Development,3.98,132,3.96,56.64,0,0,5,0,92.77
Web Development,8.19,198,3.23,75.46,1,0,2,0,147.83
Data Analysis,0.35,0,0,0,0,1,15,1,23
Graphic Design,0.13,3,0,0,1,3,18,1,40.1
Data Analysis,4.37,93,3.48,71.14,1,0,0,0,96.26
Graphic Design,1.5,6,3.2,81.05,1,0,2,0,58.8
Data Analysis,0.18,3,0,0,0,4,10,1,30.29
Data Analysis,7.01,112,4.34,84,1,0,0,0,116.68
Data Analysis,2.51,59,3.59,79.3,0,0,5,0,64.26
Data Analysis,8.66,151,4.49,60.33,1,0,0,0,118.59
Content Writing,3.46,34,4.23,82.56,1,0,0,0,74.52
Web Development,0.35,5,0,0,1,5,5,1,35.01
Digital Marketing,8.3,155,3.45,60.39,0,0,0,0,117.08
Content Writing,6.49,181,3.51,81.17,0,0,0,0,111.16
Digital Marketing,0.45,2,0,0,0,4,16,1,31.99
Digital Marketing,7.86,146,4.84,87.18,0,0,0,0,122.51
Content Writing,8.98,171,4,72.84,1,0,2,0,143.51
Web Development,4.34,109,4.54,91.97,0,0,0,0,92.03
Digital Marketing,5.56,8,3.72,72.47,0,0,5,0,63.86
Digital Marketing,0.18,2,0,0,1,4,4,1,30.27
Web Development,7.17,22,4.98,81.77,0,0,0,0,77.62
Data Analysis,6.22,183,4.13,78.87,1,0,2,0,127.67
Web Development,1.82,188,4.19,53.02,0,0,0,0,90.39
Data Analysis,5.17,114,3.54,58.21,1,0,0,0,100.53
Web Development,0.49,0,0,0,0,0,15,1,15.76
Data Analysis,2.16,144,4.88,68.81,0,0,2,0,88.63
Data Analysis,8.64,39,3.44,81.22,1,0,5,0,99.76
Data Analysis,7.28,70,4.99,75.34,1,0,0,0,97.48
Data Analysis,0.95,104,4.71,56.34,0,0,5,0,63.53
Digital Marketing,0.22,2,0,0,0,2,14,1,23.61
Data Analysis,1.72,120,4.97,56.78,1,0,0,0,90.21
Web Development,9.52,22,3.25,72.05,0,0,0,0,83.3
Web Development,4.16,45,3.71,52.99,0,0,5,0,58.49
Web Development,0.45,3,0,0,0,2,20,1,31.25
Web Development,9.06,120,3.68,96.26,0,0,2,0,123.39
Graphic Design,9.54,64,3.76,74.32,0,0,0,0,98.97
Graphic Design,0.72,183,4.36,86.8,0,0,0,0,84.33
Digital Marketing,8.99,144,3.12,79.02,1,0,2,0,130.15
Digital Marketing,5.14,134,3.92,76.89,1,0,5,0,114.82
Digital Marketing,1.54,147,3.66,54.94,0,0,2,0,76.59
Web Development,8.29,181,3.86,98,0,0,0,0,132.55
Content Writing,4.22,148,3.3,56.86,1,0,0,0,99.04
Web Development,0.24,4,0,0,0,4,11,1,27.98
Content Writing,6.5,16,3.32,97.42,1,0,2,0,77.29
Content Writing,0.47,4,0,0,0,2,14,1,21.08
Digital Marketing,0.31,3,0,0,0,6,16,1,32.59
Content Writing,0.38,4,0,0,0,4,18,1,25.91
Web Development,0.47,0,0,0,1,4,7,1,31.18
Content Writing,2.64,127,3.27,87.8,0,0,0,0,80.11
Content Writing,3.38,74,4.51,63.15,0,0,2,0,74.66
Content Writing,9.17,199,3.9,91.53,0,0,2,0,140.09
Content Writing,0.69,193,3.19,60.11,1,0,2,0,108.82
Digital Marketing,4.6,126,3.35,72.58,1,0,2,0,98.45
Graphic Design,5.28,58,3.67,88.3,1,0,0,0,95.61
Digital Marketing,0.28,5,0,0,1,6,5,1,39.96
Graphic Design,9.47,61,3.5,75.49,0,0,0,0,108.17
Data Analysis,0.22,1,0,0,1,2,3,1,24.84
Content Writing,7.5,128,4.66,95.24,1,0,2,0,125.77
Graphic Design,0.21,0,0,0,0,0,20,1,23.22
Digital Marketing,3.28,38,4.65,82.81,0,0,2,0,69.74
Graphic Design,0.39,0,0,0,0,4,16,1,35
Data Analysis,9.09,90,3.19,82.35,1,0,2,0,120.3
Web Development,1.44,150,3.89,94.36,1,0,2,0,101.78
Digital Marketing,0.4,5,0,0,0,2,19,1,31.25
Digital Marketing,3.05,155,4.19,83.77,1,0,0,0,111.57
Web Development,1.45,198,3.72,84.02,0,0,2,0,95.41
Data Analysis,0.27,0,0,0,0,3,13,1,22.84
Content Writing,4.66,179,4.52,75.13,0,0,5,0,115.2
Web Development,2.08,174,3.11,70.67,1,0,0,0,97.45
Data Analysis,7.48,164,3.15,81.03,1,0,5,0,133.8
Graphic Design,8.45,158,3.15,68.27,1,0,5,0,127.55
Content Writing,6.23,150,3.13,52.9,1,0,5,0,110.54
Data Analysis,0.22,4,0,0,0,4,9,1,21.46
Digital Marketing,7.93,40,4.64,88.11,1,0,0,0,99.23
Digital Marketing,1.27,143,4.91,82.68,0,0,0,0,84.9
Content Writing,1.8,146,3.67,80.23,1,0,2,0,98.23
Graphic Design,1.55,46,3.76,69.85,1,0,5,0,61.99
Data Analysis,0.46,0,0,0,0,4,5,1,18.3
Data Analysis,2.08,158,4.6,70.4,0,0,0,0,96.11
Content Writing,2.75,118,4.29,82.31,1,0,2,0,103.26
Graphic Design,0.37,1,0,0,0,3,20,1,30.43
Digital Marketing,6.69,53,4.1,66.07,0,0,0,0,74.45
Web Development,1.13,108,3.44,99.24,0,0,0,0,74.14
Data Analysis,3.38,93,3.61,59.24,1,0,2,0,82.12
Web Development,0.4,4,0,0,0,2,6,1,13.66
Web Development,7.78,183,4.87,91.53,1,0,0,0,141.52
Web Development,7.91,177,3.11,79.84,1,0,0,0,135.35
Data Analysis,4.49,134,4.48,95.71,0,0,2,0,106.03
Graphic Design,3.43,122,3.85,88.19,0,0,2,0,85.93
Digital Marketing,4.83,74,3.08,69.45,1,0,0,0,85.67
Web Development,0.45,5,0,0,0,3,8,1,20.42
Digital Marketing,0.27,5,0,0,1,2,13,1,29.51
Web Development,1.08,52,3.49,60.94,0,0,0,0,41.77
Content Writing,6.01,67,3.97,87.52,1,0,0,0,96.78
Data Analysis,0.84,137,3.72,68.42,1,0,5,0,91.41
Content Writing,0.2,3,0,0,1,5,10,1,35.77
Data Analysis,9.26,85,3.36,57.32,1,0,5,0,101.9
Graphic Design,8.18,146,3.14,52.31,1,0,5,0,120.14
Content Writing,0.54,39,4.86,81.44,1,0,0,0,65.45
Digital Marketing,3.77,17,4.11,55.26,1,0,0,0,57.65
Web Development,8.56,120,4.05,54.67,1,0,0,0,111.57
Digital Marketing,3.73,130,3.85,72.72,0,0,0,0,82.98
Digital Marketing,0.24,3,0,0,0,6,8,1,25.58
Data Analysis,0.46,3,0,0,1,5,20,1,37
Data Analysis,8.53,98,4.51,58.63,1,0,0,0,103.6
Digital Marketing,1.91,154,4.6,76.37,0,0,5,0,91.75
Web Development,8.6,147,4.57,60.63,1,0,0,0,122.05
Data Analysis,7.39,91,3.8,55.8,1,0,2,0,112.48
Web Development,0.36,5,0,0,0,8,13,1,28.17
Digital Marketing,3.01,80,4.8,78.33,1,0,0,0,78.53
Content Writing,0.43,4,0,0,0,4,20,1,33.64
Content Writing,5,33,4.44,93.7,0,0,2,0,72.99
Data Analysis,0.29,0,0,0,0,2,19,1,22.77
Digital Marketing,6.39,91,3.84,98.27,1,0,0,0,106.02
Data Analysis,4.61,39,4.27,78.09,1,0,0,0,76.56
Content Writing,3.03,19,3.71,62.68,1,0,0,0,53.73
Data Analysis,3.26,50,4.25,93.81,1,0,0,0,81.78
Content Writing,6.61,52,3.49,55.69,1,0,5,0,98.51
Data Analysis,0.5,3,0,0,0,3,5,1,20.13
Graphic Design,7.97,78,3.18,72.35,0,0,0,0,95.09
Content Writing,0.17,4,0,0,1,1,5,1,19.56
Graphic Design,4.11,91,3.35,68.54,1,0,0,0,86.58
Web Development,1.56,166,3.96,70.71,0,0,2,0,89.35
Digital Marketing,0.83,15,3.09,76.41,1,0,2,0,54.26
Data Analysis,2.87,94,3.21,68.34,0,0,0,0,79.19
Graphic Design,3.97,143,3.34,93.74,0,0,0,0,93.67
Graphic Design,3.97,187,3.16,72.07,0,0,0,0,100.12
Digital Marketing,0.42,2,0,0,0,1,4,1,22.5
Graphic Design,3.93,179,3.74,55.25,0,0,0,0,96.89
Web Development,5.09,184,3.99,71.15,1,0,0,0,128.52
Data Analysis,5.53,136,4.88,71.48,0,0,2,0,103.29
Digital Marketing,1.66,161,3.46,64.66,1,0,2,0,91.86
Data Analysis,0.36,3,0,0,0,6,11,1,24.44
Digital Marketing,7.74,93,3.78,69.12,1,0,0,0,103.95
Web Development,6.36,127,4.08,56.96,1,0,5,0,108.8
Web Development,1.51,171,3.94,67.88,1,0,2,0,99.56
Digital Marketing,7.76,159,4.34,52.95,1,0,0,0,126.12
Data Analysis,1.23,79,4.43,65.5,1,0,0,0,76.01
Web Development,7.95,70,4.23,86.28,1,0,2,0,109.73
Data Analysis,8.24,28,3.8,87.59,0,0,2,0,73.04
Content Writing,2.07,24,3.45,66.37,0,0,0,0,48.54
Digital Marketing,8.2,147,4.04,68.61,1,0,5,0,130.29
Data Analysis,9.28,59,4.24,89.58,1,0,0,0,109.96
Web Development,4.03,31,3.68,89.49,1,0,0,0,77.69
Data Analysis,0.42,2,0,0,0,3,16,1,27.71
Data Analysis,8.65,165,3.58,56.55,1,0,0,0,120.7
Graphic Design,3.49,130,3.89,80.01,1,0,5,0,97.26
Digital Marketing,9.67,194,4.45,90.31,0,0,0,0,145.2
Data Analysis,7.62,145,4.42,90.69,0,0,2,0,118.66
Graphic Design,5.91,8,4.18,96.51,0,0,0,0,66.29
Graphic Design,5.18,39,3.61,84.12,0,0,2,0,68.64
Data Analysis,0.44,2,0,0,0,4,17,1,18.73
Digital Marketing,3.35,143,3.9,89.82,1,0,5,0,116.88
Data Analysis,0.72,186,4.78,88.92,1,0,2,0,104.91
Graphic Design,5.75,109,4.57,67.07,1,0,2,0,110.93
Graphic Design,5.71,174,4.54,56.6,1,0,5,0,125.63
Web Development,0.17,1,0,0,0,2,18,1,20.49
Web Development,6.53,155,4.04,52.54,1,0,0,0,121.77
Digital Marketing,8.6,188,3.75,65.97,0,0,2,0,134.42
Content Writing,4.24,122,4.31,74.52,1,0,0,0,100.65
Graphic Design,0.39,3,0,0,1,5,15,1,39.9
